region,group,question,response,response_clean
Caribe,Pueblos Indigenas,Que propuestas ha escuchado dentro de la comunidad?,La salud mental es ignorada personalmente hablando,la salud mental es ignorada
Orinoquia,Jovenes,Que problemas enfrenta con el acceso a servicios publicos?,Cortes de luz frecuentes,cortes de luz frecuentes
Pacifico,Jovenes,Como evalua la atencion en salud mental en su zona?,Hay demoras en las citas personalmente hablando,hay demoras en las citas
Caribe,Pueblos Indigenas,Que propuestas ha escuchado dentro de la comunidad?,No hay empleo local personalmente hablando,no hay empleo local
Orinoquia,Pueblos Indigenas,Que necesidades prioritarias existen en su comunidad?,No hay empleo local personalmente hablando,no hay empleo local
Pacifico,Pueblos Indigenas,Que necesidades prioritarias existen en su comunidad?,La salud mental es ignorada personalmente hablando,la salud mental es ignorada
Pacifico,Afrocolombianos,Que propuestas ha escuchado dentro de la comunidad?,Los jovenes migran por falta de oportunidades,los jovenes migran por falta de oportunidades
Caribe,Mujeres,Que necesidades prioritarias existen en su comunidad?,Cortes de luz frecuentes,cortes de luz frecuentes
Pacifico,Personas Mayores,Que necesidades prioritarias existen en su comunidad?,No hay participacion comunitaria,no hay participacion comunitaria
Pacifico,Mujeres,Que propuestas ha escuchado dentro de la comunidad?,Hay demoras en las citas personalmente hablando,hay demoras en las citas
Caribe,Jovenes,Que problemas enfrenta con el acceso a servicios publicos?,Falta de acceso al agua potable personalmente hablando,falta de acceso al agua potable
Andina,Personas Mayores,Como evalua la atencion en salud mental en su zona?,No hay empleo local personalmente hablando,no hay empleo local
Pacifico,Afrocolombianos,Que problemas enfrenta con el acceso a servicios publicos?,Hay demoras en las citas en mi comunidad,hay demoras en las citas
Orinoquia,Afrocolombianos,Que necesidades prioritarias existen en su comunidad?,Falta de acceso al agua potable (segun mi experiencia),falta de acceso al agua potable
Pacifico,Jovenes,Que necesidades prioritarias existen en su comunidad?,No hay atencion medica cerca personalmente hablando,no hay atencion medica cerca
Pacifico,Jovenes,Como evalua la atencion en salud mental en su zona?,Viviendas en mal estado personalmente hablando,viviendas en mal estado
Andina,Jovenes,Como evalua la atencion en salud mental en su zona?,Falta de acceso al agua potable (segun mi experiencia),falta de acceso al agua potable
Orinoquia,Jovenes,Que propuestas ha escuchado dentro de la comunidad?,No hay atencion medica cerca,no hay atencion medica cerca
Orinoquia,Mujeres,Que problemas enfrenta con el acceso a servicios publicos?,No hay apoyo a emprendimientos,no hay apoyo a emprendimientos
Caribe,Afrocolombianos,Que problemas enfrenta con el acceso a servicios publicos?,No hay participacion comunitaria en mi comunidad,no hay participacion comunitaria
Caribe,Personas Mayores,Como evalua la atencion en salud mental en su zona?,Cortes de luz frecuentes,cortes de luz frecuentes
Caribe,Mujeres,Que necesidades prioritarias existen en su comunidad?,No hay recoleccion de basuras personalmente hablando,no hay recoleccion de basuras
Orinoquia,Personas Mayores,Que propuestas ha escuchado dentro de la comunidad?,Nos sentimos abandonados (segun mi experiencia),nos sentimos abandonados
Pacifico,Pueblos Indigenas,Como evalua la atencion en salud mental en su zona?,No hay apoyo a emprendimientos (segun mi experiencia),no hay apoyo a emprendimientos
Caribe,Mujeres,Que problemas enfrenta con el acceso a servicios publicos?,No hay apoyo a emprendimientos (segun mi experiencia),no hay apoyo a emprendimientos
Andina,Jovenes,Como evalua la atencion en salud mental en su zona?,Falta de confianza en las instituciones personalmente hablando,falta de confianza en las instituciones
Pacifico,Mujeres,Que propuestas ha escuchado dentro de la comunidad?,Faltan medicamentos esenciales en mi comunidad,faltan medicamentos esenciales
Caribe,Mujeres,Que necesidades prioritarias existen en su comunidad?,Hay demoras en las citas (segun mi experiencia),hay demoras en las citas
Pacifico,Jovenes,Que necesidades prioritarias existen en su comunidad?,La economia informal domina,la economia informal domina
Amazonas,Afrocolombianos,Que propuestas ha escuchado dentro de la comunidad?,No hay recoleccion de basuras,no hay recoleccion de basuras
Caribe,Personas Mayores,Que problemas enfrenta con el acceso a servicios publicos?,Faltan medicamentos esenciales,faltan medicamentos esenciales
Andina,Pueblos Indigenas,Que necesidades prioritarias existen en su comunidad?,No hay participacion comunitaria,no hay participacion comunitaria
Amazonas,Personas Mayores,Que problemas enfrenta con el acceso a servicios publicos?,Faltan medicamentos esenciales,faltan medicamentos esenciales
Pacifico,Personas Mayores,Que problemas enfrenta con el acceso a servicios publicos?,La salud mental es ignorada en mi comunidad,la salud mental es ignorada
Orinoquia,Jovenes,Que necesidades prioritarias existen en su comunidad?,Hay demoras en las citas en mi comunidad,hay demoras en las citas
Pacifico,Personas Mayores,Que problemas enfrenta con el acceso a servicios publicos?,Cortes de luz frecuentes en mi comunidad,cortes de luz frecuentes
Andina,Afrocolombianos,Que propuestas ha escuchado dentro de la comunidad?,Viviendas en mal estado,viviendas en mal estado
Caribe,Mujeres,Como evalua la atencion en salud mental en su zona?,Cortes de luz frecuentes,cortes de luz frecuentes
Amazonas,Mujeres,Que propuestas ha escuchado dentro de la comunidad?,Falta de confianza en las instituciones,falta de confianza en las instituciones
Caribe,Jovenes,Que problemas enfrenta con el acceso a servicios publicos?,No hay recoleccion de basuras en mi comunidad,no hay recoleccion de basuras
Amazonas,Mujeres,Como evalua la atencion en salud mental en su zona?,Nadie responde a nuestras solicitudes en mi comunidad,nadie responde a nuestras solicitudes
Caribe,Jovenes,Que necesidades prioritarias existen en su comunidad?,Hay demoras en las citas personalmente hablando,hay demoras en las citas
Andina,Pueblos Indigenas,Que propuestas ha escuchado dentro de la comunidad?,La salud mental es ignorada (segun mi experiencia),la salud mental es ignorada
Pacifico,Personas Mayores,Que problemas enfrenta con el acceso a servicios publicos?,Faltan medicamentos esenciales personalmente hablando,faltan medicamentos esenciales
Pacifico,Jovenes,Que propuestas ha escuchado dentro de la comunidad?,Falta de acceso al agua potable personalmente hablando,falta de acceso al agua potable
Pacifico,Personas Mayores,Como evalua la atencion en salud mental en su zona?,Faltan medicamentos esenciales en mi comunidad,faltan medicamentos esenciales
Andina,Jovenes,Que propuestas ha escuchado dentro de la comunidad?,Falta de acceso al agua potable,falta de acceso al agua potable
Andina,Jovenes,Que propuestas ha escuchado dentro de la comunidad?,Faltan medicamentos esenciales,faltan medicamentos esenciales
Andina,Afrocolombianos,Que problemas enfrenta con el acceso a servicios publicos?,Falta de confianza en las instituciones,falta de confianza en las instituciones
Pacifico,Jovenes,Como evalua la atencion en salud mental en su zona?,No hay participacion comunitaria,no hay participacion comunitaria
Pacifico,Jovenes,Como evalua la atencion en salud mental en su zona?,No hay atencion medica cerca,no hay atencion medica cerca
Andina,Personas Mayores,Como evalua la atencion en salud mental en su zona?,La economia informal domina en mi comunidad,la economia informal domina
Andina,Jovenes,Que necesidades prioritarias existen en su comunidad?,Hay demoras en las citas personalmente hablando,hay demoras en las citas
Caribe,Mujeres,Que propuestas ha escuchado dentro de la comunidad?,Viviendas en mal estado (segun mi experiencia),viviendas en mal estado
Amazonas,Afrocolombianos,Que necesidades prioritarias existen en su comunidad?,La economia informal domina personalmente hablando,la economia informal domina
Amazonas,Personas Mayores,Que necesidades prioritarias existen en su comunidad?,Faltan medicamentos esenciales,faltan medicamentos esenciales
Orinoquia,Afrocolombianos,Que necesidades prioritarias existen en su comunidad?,Viviendas en mal estado,viviendas en mal estado
Pacifico,Mujeres,Que necesidades prioritarias existen en su comunidad?,Los jovenes migran por falta de oportunidades en mi comunidad,los jovenes migran por falta de oportunidades
Caribe,Pueblos Indigenas,Como evalua la atencion en salud mental en su zona?,Los jovenes migran por falta de oportunidades,los jovenes migran por falta de oportunidades
Pacifico,Pueblos Indigenas,Que propuestas ha escuchado dentro de la comunidad?,Falta de confianza en las instituciones,falta de confianza en las instituciones
Amazonas,Mujeres,Que necesidades prioritarias existen en su comunidad?,No hay empleo local,no hay empleo local
Orinoquia,Afrocolombianos,Que propuestas ha escuchado dentro de la comunidad?,Los jovenes migran por falta de oportunidades (segun mi experiencia),los jovenes migran por falta de oportunidades
Orinoquia,Afrocolombianos,Que necesidades prioritarias existen en su comunidad?,Los jovenes migran por falta de oportunidades,los jovenes migran por falta de oportunidades
Amazonas,Afrocolombianos,Que propuestas ha escuchado dentro de la comunidad?,Cortes de luz frecuentes (segun mi experiencia),cortes de luz frecuentes
Andina,Pueblos Indigenas,Que problemas enfrenta con el acceso a servicios publicos?,Los jovenes migran por falta de oportunidades (segun mi experiencia),los jovenes migran por falta de oportunidades
Caribe,Afrocolombianos,Como evalua la atencion en salud mental en su zona?,Los jovenes migran por falta de oportunidades en mi comunidad,los jovenes migran por falta de oportunidades
Amazonas,Pueblos Indigenas,Que problemas enfrenta con el acceso a servicios publicos?,Los jovenes migran por falta de oportunidades,los jovenes migran por falta de oportunidades
Caribe,Mujeres,Que propuestas ha escuchado dentro de la comunidad?,Nos sentimos abandonados (segun mi experiencia),nos sentimos abandonados
Orinoquia,Jovenes,Que necesidades prioritarias existen en su comunidad?,La economia informal domina,la economia informal domina
Amazonas,Jovenes,Que propuestas ha escuchado dentro de la comunidad?,Nadie responde a nuestras solicitudes (segun mi experiencia),nadie responde a nuestras solicitudes
Andina,Mujeres,Que necesidades prioritarias existen en su comunidad?,Faltan medicamentos esenciales,faltan medicamentos esenciales
Andina,Mujeres,Como evalua la atencion en salud mental en su zona?,Falta de acceso al agua potable,falta de acceso al agua potable
Caribe,Afrocolombianos,Como evalua la atencion en salud mental en su zona?,Nadie responde a nuestras solicitudes personalmente hablando,nadie responde a nuestras solicitudes
Pacifico,Pueblos Indigenas,Que necesidades prioritarias existen en su comunidad?,La economia informal domina en mi comunidad,la economia informal domina
Caribe,Personas Mayores,Que necesidades prioritarias existen en su comunidad?,Faltan medicamentos esenciales en mi comunidad,faltan medicamentos esenciales
Orinoquia,Afrocolombianos,Que problemas enfrenta con el acceso a servicios publicos?,La economia informal domina,la economia informal domina
Amazonas,Jovenes,Como evalua la atencion en salud mental en su zona?,Nos sentimos abandonados (segun mi experiencia),nos sentimos abandonados
Pacifico,Afrocolombianos,Que propuestas ha escuchado dentro de la comunidad?,No hay apoyo a emprendimientos,no hay apoyo a emprendimientos
Pacifico,Pueblos Indigenas,Como evalua la atencion en salud mental en su zona?,Nos sentimos abandonados,nos sentimos abandonados
Caribe,Jovenes,Que propuestas ha escuchado dentro de la comunidad?,Cortes de luz frecuentes en mi comunidad,cortes de luz frecuentes
Pacifico,Afrocolombianos,Que necesidades prioritarias existen en su comunidad?,Falta de acceso al agua potable,falta de acceso al agua potable
Caribe,Afrocolombianos,Que necesidades prioritarias existen en su comunidad?,No hay recoleccion de basuras personalmente hablando,no hay recoleccion de basuras
Orinoquia,Personas Mayores,Que problemas enfrenta con el acceso a servicios publicos?,Cortes de luz frecuentes (segun mi experiencia),cortes de luz frecuentes
Orinoquia,Pueblos Indigenas,Que problemas enfrenta con el acceso a servicios publicos?,Nos sentimos abandonados,nos sentimos abandonados
Caribe,Jovenes,Que necesidades prioritarias existen en su comunidad?,Viviendas en mal estado personalmente hablando,viviendas en mal estado
Amazonas,Pueblos Indigenas,Que propuestas ha escuchado dentro de la comunidad?,No hay participacion comunitaria en mi comunidad,no hay participacion comunitaria
Caribe,Pueblos Indigenas,Que problemas enfrenta con el acceso a servicios publicos?,Nos sentimos abandonados,nos sentimos abandonados
Andina,Mujeres,Que problemas enfrenta con el acceso a servicios publicos?,La economia informal domina personalmente hablando,la economia informal domina
Orinoquia,Personas Mayores,Que problemas enfrenta con el acceso a servicios publicos?,Nos sentimos abandonados,nos sentimos abandonados
Caribe,Pueblos Indigenas,Como evalua la atencion en salud mental en su zona?,No hay participacion comunitaria,no hay participacion comunitaria
Caribe,Personas Mayores,Que problemas enfrenta con el acceso a servicios publicos?,No hay participacion comunitaria personalmente hablando,no hay participacion comunitaria
Amazonas,Mujeres,Como evalua la atencion en salud mental en su zona?,Viviendas en mal estado (segun mi experiencia),viviendas en mal estado
Amazonas,Jovenes,Que necesidades prioritarias existen en su comunidad?,Falta de confianza en las instituciones personalmente hablando,falta de confianza en las instituciones
Orinoquia,Mujeres,Que propuestas ha escuchado dentro de la comunidad?,Faltan medicamentos esenciales personalmente hablando,faltan medicamentos esenciales
Andina,Jovenes,Que necesidades prioritarias existen en su comunidad?,Hay demoras en las citas en mi comunidad,hay demoras en las citas
Caribe,Afrocolombianos,Como evalua la atencion en salud mental en su zona?,Los jovenes migran por falta de oportunidades (segun mi experiencia),los jovenes migran por falta de oportunidades
Amazonas,Personas Mayores,Que propuestas ha escuchado dentro de la comunidad?,Nadie responde a nuestras solicitudes en mi comunidad,nadie responde a nuestras solicitudes
Pacifico,Afrocolombianos,Como evalua la atencion en salud mental en su zona?,Falta de confianza en las instituciones,falta de confianza en las instituciones
Amazonas,Personas Mayores,Que propuestas ha escuchado dentro de la comunidad?,La economia informal domina personalmente hablando,la economia informal domina
Amazonas,Mujeres,Que propuestas ha escuchado dentro de la comunidad?,No hay recoleccion de basuras personalmente hablando,no hay recoleccion de basuras
Orinoquia,Afrocolombianos,Que necesidades prioritarias existen en su comunidad?,No hay recoleccion de basuras,no hay recoleccion de basuras
Caribe,Pueblos Indigenas,Que propuestas ha escuchado dentro de la comunidad?,Hay demoras en las citas (segun mi experiencia),hay demoras en las citas
Andina,Afrocolombianos,Que problemas enfrenta con el acceso a servicios publicos?,Falta de confianza en las instituciones,falta de confianza en las instituciones
Caribe,Pueblos Indigenas,Que necesidades prioritarias existen en su comunidad?,Falta de confianza en las instituciones,falta de confianza en las instituciones
Amazonas,Afrocolombianos,Como evalua la atencion en salud mental en su zona?,La economia informal domina,la economia informal domina
Orinoquia,Afrocolombianos,Que problemas enfrenta con el acceso a servicios publicos?,Nadie responde a nuestras solicitudes personalmente hablando,nadie responde a nuestras solicitudes
Orinoquia,Afrocolombianos,Que problemas enfrenta con el acceso a servicios publicos?,Viviendas en mal estado (segun mi experiencia),viviendas en mal estado
Andina,Afrocolombianos,Que problemas enfrenta con el acceso a servicios publicos?,La economia informal domina,la economia informal domina
Andina,Pueblos Indigenas,Que problemas enfrenta con el acceso a servicios publicos?,Viviendas en mal estado en mi comunidad,viviendas en mal estado
Pacifico,Mujeres,Como evalua la atencion en salud mental en su zona?,Los jovenes migran por falta de oportunidades personalmente hablando,los jovenes migran por falta de oportunidades
Pacifico,Pueblos Indigenas,Que problemas enfrenta con el acceso a servicios publicos?,Viviendas en mal estado (segun mi experiencia),viviendas en mal estado
Amazonas,Personas Mayores,Como evalua la atencion en salud mental en su zona?,Falta de acceso al agua potable en mi comunidad,falta de acceso al agua potable
Amazonas,Personas Mayores,Que necesidades prioritarias existen en su comunidad?,La economia informal domina,la economia informal domina
Amazonas,Pueblos Indigenas,Como evalua la atencion en salud mental en su zona?,La salud mental es ignorada (segun mi experiencia),la salud mental es ignorada
Caribe,Mujeres,Que necesidades prioritarias existen en su comunidad?,Faltan medicamentos esenciales en mi comunidad,faltan medicamentos esenciales
Caribe,Personas Mayores,Que propuestas ha escuchado dentro de la comunidad?,Nos sentimos abandonados,nos sentimos abandonados
Caribe,Afrocolombianos,Que propuestas ha escuchado dentro de la comunidad?,No hay atencion medica cerca,no hay atencion medica cerca
Andina,Pueblos Indigenas,Que propuestas ha escuchado dentro de la comunidad?,Nos sentimos abandonados personalmente hablando,nos sentimos abandonados
Orinoquia,Jovenes,Que propuestas ha escuchado dentro de la comunidad?,No hay recoleccion de basuras,no hay recoleccion de basuras
Pacifico,Mujeres,Como evalua la atencion en salud mental en su zona?,Cortes de luz frecuentes en mi comunidad,cortes de luz frecuentes
Pacifico,Pueblos Indigenas,Como evalua la atencion en salud mental en su zona?,No hay participacion comunitaria en mi comunidad,no hay participacion comunitaria
Pacifico,Personas Mayores,Que propuestas ha escuchado dentro de la comunidad?,Nadie responde a nuestras solicitudes,nadie responde a nuestras solicitudes
Pacifico,Mujeres,Que necesidades prioritarias existen en su comunidad?,Viviendas en mal estado en mi comunidad,viviendas en mal estado
Caribe,Jovenes,Como evalua la atencion en salud mental en su zona?,La salud mental es ignorada en mi comunidad,la salud mental es ignorada
Caribe,Personas Mayores,Que propuestas ha escuchado dentro de la comunidad?,Nadie responde a nuestras solicitudes personalmente hablando,nadie responde a nuestras solicitudes
Amazonas,Pueblos Indigenas,Que propuestas ha escuchado dentro de la comunidad?,Faltan medicamentos esenciales personalmente hablando,faltan medicamentos esenciales
Orinoquia,Personas Mayores,Que necesidades prioritarias existen en su comunidad?,Los jovenes migran por falta de oportunidades (segun mi experiencia),los jovenes migran por falta de oportunidades
Caribe,Afrocolombianos,Como evalua la atencion en salud mental en su zona?,Falta de confianza en las instituciones,falta de confianza en las instituciones
Orinoquia,Personas Mayores,Que necesidades prioritarias existen en su comunidad?,Falta de acceso al agua potable en mi comunidad,falta de acceso al agua potable
Caribe,Afrocolombianos,Que propuestas ha escuchado dentro de la comunidad?,No hay atencion medica cerca personalmente hablando,no hay atencion medica cerca
Caribe,Afrocolombianos,Como evalua la atencion en salud mental en su zona?,No hay empleo local en mi comunidad,no hay empleo local
Andina,Pueblos Indigenas,Como evalua la atencion en salud mental en su zona?,La economia informal domina en mi comunidad,la economia informal domina
Pacifico,Jovenes,Como evalua la atencion en salud mental en su zona?,La economia informal domina personalmente hablando,la economia informal domina
Andina,Afrocolombianos,Que propuestas ha escuchado dentro de la comunidad?,La economia informal domina,la economia informal domina
Andina,Jovenes,Que necesidades prioritarias existen en su comunidad?,Faltan medicamentos esenciales personalmente hablando,faltan medicamentos esenciales
Pacifico,Afrocolombianos,Que propuestas ha escuchado dentro de la comunidad?,Hay demoras en las citas,hay demoras en las citas
Andina,Jovenes,Que problemas enfrenta con el acceso a servicios publicos?,Faltan medicamentos esenciales personalmente hablando,faltan medicamentos esenciales
Amazonas,Pueblos Indigenas,Como evalua la atencion en salud mental en su zona?,No hay recoleccion de basuras en mi comunidad,no hay recoleccion de basuras
Andina,Jovenes,Que propuestas ha escuchado dentro de la comunidad?,Falta de confianza en las instituciones en mi comunidad,falta de confianza en las instituciones
Orinoquia,Jovenes,Que necesidades prioritarias existen en su comunidad?,Nos sentimos abandonados personalmente hablando,nos sentimos abandonados
Amazonas,Mujeres,Que problemas enfrenta con el acceso a servicios publicos?,Viviendas en mal estado personalmente hablando,viviendas en mal estado
Amazonas,Mujeres,Que propuestas ha escuchado dentro de la comunidad?,Falta de acceso al agua potable (segun mi experiencia),falta de acceso al agua potable
Amazonas,Pueblos Indigenas,Que propuestas ha escuchado dentro de la comunidad?,No hay atencion medica cerca,no hay atencion medica cerca
Orinoquia,Mujeres,Que propuestas ha escuchado dentro de la comunidad?,Los jovenes migran por falta de oportunidades,los jovenes migran por falta de oportunidades
Pacifico,Jovenes,Como evalua la atencion en salud mental en su zona?,No hay empleo local personalmente hablando,no hay empleo local
Orinoquia,Jovenes,Que propuestas ha escuchado dentro de la comunidad?,Nos sentimos abandonados,nos sentimos abandonados
Caribe,Mujeres,Que problemas enfrenta con el acceso a servicios publicos?,No hay participacion comunitaria en mi comunidad,no hay participacion comunitaria
Pacifico,Pueblos Indigenas,Que problemas enfrenta con el acceso a servicios publicos?,Los jovenes migran por falta de oportunidades (segun mi experiencia),los jovenes migran por falta de oportunidades
Orinoquia,Jovenes,Que problemas enfrenta con el acceso a servicios publicos?,No hay participacion comunitaria (segun mi experiencia),no hay participacion comunitaria
Amazonas,Personas Mayores,Que necesidades prioritarias existen en su comunidad?,No hay empleo local,no hay empleo local
Andina,Mujeres,Que propuestas ha escuchado dentro de la comunidad?,Faltan medicamentos esenciales,faltan medicamentos esenciales
Andina,Afrocolombianos,Que necesidades prioritarias existen en su comunidad?,Los jovenes migran por falta de oportunidades en mi comunidad,los jovenes migran por falta de oportunidades
Amazonas,Jovenes,Que problemas enfrenta con el acceso a servicios publicos?,Falta de acceso al agua potable (segun mi experiencia),falta de acceso al agua potable
Pacifico,Jovenes,Que problemas enfrenta con el acceso a servicios publicos?,Faltan medicamentos esenciales en mi comunidad,faltan medicamentos esenciales
Andina,Afrocolombianos,Que necesidades prioritarias existen en su comunidad?,Los jovenes migran por falta de oportunidades (segun mi experiencia),los jovenes migran por falta de oportunidades
Andina,Afrocolombianos,Como evalua la atencion en salud mental en su zona?,No hay participacion comunitaria,no hay participacion comunitaria
Andina,Personas Mayores,Que propuestas ha escuchado dentro de la comunidad?,Los jovenes migran por falta de oportunidades,los jovenes migran por falta de oportunidades
Caribe,Jovenes,Que problemas enfrenta con el acceso a servicios publicos?,No hay atencion medica cerca,no hay atencion medica cerca
Caribe,Afrocolombianos,Que problemas enfrenta con el acceso a servicios publicos?,No hay participacion comunitaria,no hay participacion comunitaria
Andina,Jovenes,Que necesidades prioritarias existen en su comunidad?,No hay recoleccion de basuras,no hay recoleccion de basuras
Orinoquia,Personas Mayores,Como evalua la atencion en salud mental en su zona?,Falta de confianza en las instituciones,falta de confianza en las instituciones
Orinoquia,Jovenes,Que problemas enfrenta con el acceso a servicios publicos?,Nos sentimos abandonados en mi comunidad,nos sentimos abandonados
Amazonas,Mujeres,Que problemas enfrenta con el acceso a servicios publicos?,Cortes de luz frecuentes personalmente hablando,cortes de luz frecuentes
Andina,Personas Mayores,Como evalua la atencion en salud mental en su zona?,Falta de confianza en las instituciones (segun mi experiencia),falta de confianza en las instituciones
Amazonas,Mujeres,Que problemas enfrenta con el acceso a servicios publicos?,Cortes de luz frecuentes,cortes de luz frecuentes
Andina,Mujeres,Como evalua la atencion en salud mental en su zona?,Hay demoras en las citas,hay demoras en las citas
Pacifico,Personas Mayores,Que problemas enfrenta con el acceso a servicios publicos?,Faltan medicamentos esenciales,faltan medicamentos esenciales
Orinoquia,Jovenes,Que propuestas ha escuchado dentro de la comunidad?,Faltan medicamentos esenciales,faltan medicamentos esenciales
Pacifico,Pueblos Indigenas,Que necesidades prioritarias existen en su comunidad?,Hay demoras en las citas en mi comunidad,hay demoras en las citas
Pacifico,Mujeres,Como evalua la atencion en salud mental en su zona?,Hay demoras en las citas personalmente hablando,hay demoras en las citas
Caribe,Jovenes,Que necesidades prioritarias existen en su comunidad?,Falta de acceso al agua potable,falta de acceso al agua potable
Orinoquia,Afrocolombianos,Que problemas enfrenta con el acceso a servicios publicos?,No hay empleo local personalmente hablando,no hay empleo local
Amazonas,Personas Mayores,Que propuestas ha escuchado dentro de la comunidad?,Faltan medicamentos esenciales,faltan medicamentos esenciales
Andina,Mujeres,Que propuestas ha escuchado dentro de la comunidad?,No hay apoyo a emprendimientos,no hay apoyo a emprendimientos
Andina,Jovenes,Como evalua la atencion en salud mental en su zona?,No hay participacion comunitaria,no hay participacion comunitaria
Caribe,Afrocolombianos,Que problemas enfrenta con el acceso a servicios publicos?,No hay recoleccion de basuras en mi comunidad,no hay recoleccion de basuras
Orinoquia,Jovenes,Como evalua la atencion en salud mental en su zona?,Falta de confianza en las instituciones,falta de confianza en las instituciones
Pacifico,Mujeres,Que propuestas ha escuchado dentro de la comunidad?,Nos sentimos abandonados,nos sentimos abandonados
Caribe,Mujeres,Como evalua la atencion en salud mental en su zona?,Viviendas en mal estado,viviendas en mal estado
Caribe,Jovenes,Que propuestas ha escuchado dentro de la comunidad?,Nos sentimos abandonados (segun mi experiencia),nos sentimos abandonados
Amazonas,Mujeres,Como evalua la atencion en salud mental en su zona?,Nos sentimos abandonados personalmente hablando,nos sentimos abandonados
Andina,Mujeres,Que problemas enfrenta con el acceso a servicios publicos?,Nos sentimos abandonados (segun mi experiencia),nos sentimos abandonados
Andina,Afrocolombianos,Como evalua la atencion en salud mental en su zona?,No hay apoyo a emprendimientos personalmente hablando,no hay apoyo a emprendimientos
Amazonas,Mujeres,Como evalua la atencion en salud mental en su zona?,La salud mental es ignorada (segun mi experiencia),la salud mental es ignorada
Pacifico,Personas Mayores,Que problemas enfrenta con el acceso a servicios publicos?,No hay recoleccion de basuras en mi comunidad,no hay recoleccion de basuras
Caribe,Pueblos Indigenas,Que problemas enfrenta con el acceso a servicios publicos?,No hay apoyo a emprendimientos en mi comunidad,no hay apoyo a emprendimientos
Andina,Personas Mayores,Que problemas enfrenta con el acceso a servicios publicos?,No hay recoleccion de basuras personalmente hablando,no hay recoleccion de basuras
Pacifico,Mujeres,Como evalua la atencion en salud mental en su zona?,Nadie responde a nuestras solicitudes (segun mi experiencia),nadie responde a nuestras solicitudes
Amazonas,Jovenes,Que propuestas ha escuchado dentro de la comunidad?,No hay participacion comunitaria,no hay participacion comunitaria
Orinoquia,Jovenes,Que propuestas ha escuchado dentro de la comunidad?,Viviendas en mal estado,viviendas en mal estado
Amazonas,Mujeres,Que propuestas ha escuchado dentro de la comunidad?,Falta de confianza en las instituciones,falta de confianza en las instituciones
Amazonas,Jovenes,Como evalua la atencion en salud mental en su zona?,Falta de acceso al agua potable,falta de acceso al agua potable
Caribe,Mujeres,Que necesidades prioritarias existen en su comunidad?,Viviendas en mal estado,viviendas en mal estado
Andina,Mujeres,Como evalua la atencion en salud mental en su zona?,Hay demoras en las citas en mi comunidad,hay demoras en las citas
Amazonas,Personas Mayores,Que propuestas ha escuchado dentro de la comunidad?,Viviendas en mal estado,viviendas en mal estado
Orinoquia,Afrocolombianos,Que propuestas ha escuchado dentro de la comunidad?,Falta de acceso al agua potable,falta de acceso al agua potable
Andina,Jovenes,Que necesidades prioritarias existen en su comunidad?,Nadie responde a nuestras solicitudes,nadie responde a nuestras solicitudes
Caribe,Pueblos Indigenas,Como evalua la atencion en salud mental en su zona?,Los jovenes migran por falta de oportunidades en mi comunidad,los jovenes migran por falta de oportunidades
Pacifico,Mujeres,Que necesidades prioritarias existen en su comunidad?,No hay participacion comunitaria en mi comunidad,no hay participacion comunitaria
Orinoquia,Jovenes,Que problemas enfrenta con el acceso a servicios publicos?,No hay empleo local,no hay empleo local
Orinoquia,Mujeres,Que propuestas ha escuchado dentro de la comunidad?,Falta de acceso al agua potable personalmente hablando,falta de acceso al agua potable
Pacifico,Mujeres,Que propuestas ha escuchado dentro de la comunidad?,No hay apoyo a emprendimientos,no hay apoyo a emprendimientos
Caribe,Personas Mayores,Como evalua la atencion en salud mental en su zona?,Hay demoras en las citas (segun mi experiencia),hay demoras en las citas
Caribe,Pueblos Indigenas,Como evalua la atencion en salud mental en su zona?,Nadie responde a nuestras solicitudes personalmente hablando,nadie responde a nuestras solicitudes
Caribe,Mujeres,Que necesidades prioritarias existen en su comunidad?,Nos sentimos abandonados,nos sentimos abandonados
Andina,Afrocolombianos,Que problemas enfrenta con el acceso a servicios publicos?,No hay apoyo a emprendimientos personalmente hablando,no hay apoyo a emprendimientos
Andina,Mujeres,Que propuestas ha escuchado dentro de la comunidad?,Cortes de luz frecuentes en mi comunidad,cortes de luz frecuentes
Caribe,Mujeres,Que problemas enfrenta con el acceso a servicios publicos?,La salud mental es ignorada,la salud mental es ignorada
Andina,Personas Mayores,Que propuestas ha escuchado dentro de la comunidad?,Hay demoras en las citas,hay demoras en las citas
Amazonas,Mujeres,Que propuestas ha escuchado dentro de la comunidad?,Los jovenes migran por falta de oportunidades (segun mi experiencia),los jovenes migran por falta de oportunidades
Pacifico,Personas Mayores,Como evalua la atencion en salud mental en su zona?,No hay recoleccion de basuras,no hay recoleccion de basuras
Orinoquia,Mujeres,Que problemas enfrenta con el acceso a servicios publicos?,No hay recoleccion de basuras en mi comunidad,no hay recoleccion de basuras
Caribe,Afrocolombianos,Como evalua la atencion en salud mental en su zona?,Falta de acceso al agua potable personalmente hablando,falta de acceso al agua potable
Amazonas,Afrocolombianos,Que problemas enfrenta con el acceso a servicios publicos?,Nos sentimos abandonados,nos sentimos abandonados
Pacifico,Mujeres,Que problemas enfrenta con el acceso a servicios publicos?,Falta de confianza en las instituciones,falta de confianza en las instituciones
Pacifico,Pueblos Indigenas,Que propuestas ha escuchado dentro de la comunidad?,No hay atencion medica cerca,no hay atencion medica cerca
Pacifico,Afrocolombianos,Que problemas enfrenta con el acceso a servicios publicos?,No hay atencion medica cerca en mi comunidad,no hay atencion medica cerca
Pacifico,Personas Mayores,Que necesidades prioritarias existen en su comunidad?,Faltan medicamentos esenciales,faltan medicamentos esenciales
Orinoquia,Personas Mayores,Que problemas enfrenta con el acceso a servicios publicos?,Falta de acceso al agua potable personalmente hablando,falta de acceso al agua potable
Orinoquia,Personas Mayores,Que necesidades prioritarias existen en su comunidad?,Los jovenes migran por falta de oportunidades (segun mi experiencia),los jovenes migran por falta de oportunidades
Orinoquia,Personas Mayores,Que problemas enfrenta con el acceso a servicios publicos?,No hay apoyo a emprendimientos en mi comunidad,no hay apoyo a emprendimientos
Amazonas,Afrocolombianos,Que problemas enfrenta con el acceso a servicios publicos?,No hay participacion comunitaria,no hay participacion comunitaria
Caribe,Afrocolombianos,Que problemas enfrenta con el acceso a servicios publicos?,La economia informal domina,la economia informal domina
Amazonas,Pueblos Indigenas,Que necesidades prioritarias existen en su comunidad?,Nos sentimos abandonados,nos sentimos abandonados
Amazonas,Pueblos Indigenas,Que necesidades prioritarias existen en su comunidad?,Nadie responde a nuestras solicitudes en mi comunidad,nadie responde a nuestras solicitudes
Caribe,Jovenes,Que necesidades prioritarias existen en su comunidad?,No hay apoyo a emprendimientos,no hay apoyo a emprendimientos
Pacifico,Jovenes,Como evalua la atencion en salud mental en su zona?,No hay recoleccion de basuras personalmente hablando,no hay recoleccion de basuras
Amazonas,Jovenes,Que necesidades prioritarias existen en su comunidad?,La salud mental es ignorada personalmente hablando,la salud mental es ignorada
Amazonas,Pueblos Indigenas,Que necesidades prioritarias existen en su comunidad?,No hay atencion medica cerca,no hay atencion medica cerca
Orinoquia,Mujeres,Que propuestas ha escuchado dentro de la comunidad?,Falta de acceso al agua potable (segun mi experiencia),falta de acceso al agua potable
Caribe,Afrocolombianos,Que problemas enfrenta con el acceso a servicios publicos?,No hay participacion comunitaria,no hay participacion comunitaria
Andina,Pueblos Indigenas,Como evalua la atencion en salud mental en su zona?,Cortes de luz frecuentes personalmente hablando,cortes de luz frecuentes
Andina,Jovenes,Como evalua la atencion en salud mental en su zona?,Hay demoras en las citas,hay demoras en las citas
Andina,Jovenes,Que problemas enfrenta con el acceso a servicios publicos?,Los jovenes migran por falta de oportunidades (segun mi experiencia),los jovenes migran por falta de oportunidades
Andina,Mujeres,Como evalua la atencion en salud mental en su zona?,Faltan medicamentos esenciales en mi comunidad,faltan medicamentos esenciales
Orinoquia,Personas Mayores,Que problemas enfrenta con el acceso a servicios publicos?,La economia informal domina personalmente hablando,la economia informal domina
Pacifico,Jovenes,Como evalua la atencion en salud mental en su zona?,No hay participacion comunitaria,no hay participacion comunitaria
Caribe,Jovenes,Que necesidades prioritarias existen en su comunidad?,No hay atencion medica cerca,no hay atencion medica cerca
Orinoquia,Afrocolombianos,Que necesidades prioritarias existen en su comunidad?,La salud mental es ignorada,la salud mental es ignorada
Amazonas,Jovenes,Que necesidades prioritarias existen en su comunidad?,No hay recoleccion de basuras (segun mi experiencia),no hay recoleccion de basuras
Orinoquia,Jovenes,Como evalua la atencion en salud mental en su zona?,No hay atencion medica cerca,no hay atencion medica cerca
Caribe,Afrocolombianos,Como evalua la atencion en salud mental en su zona?,La salud mental es ignorada en mi comunidad,la salud mental es ignorada
Orinoquia,Pueblos Indigenas,Como evalua la atencion en salud mental en su zona?,Falta de confianza en las instituciones,falta de confianza en las instituciones
Caribe,Afrocolombianos,Como evalua la atencion en salud mental en su zona?,No hay participacion comunitaria,no hay participacion comunitaria
Caribe,Afrocolombianos,Como evalua la atencion en salud mental en su zona?,Viviendas en mal estado,viviendas en mal estado
Pacifico,Pueblos Indigenas,Como evalua la atencion en salud mental en su zona?,No hay apoyo a emprendimientos,no hay apoyo a emprendimientos
Amazonas,Pueblos Indigenas,Que propuestas ha escuchado dentro de la comunidad?,Cortes de luz frecuentes (segun mi experiencia),cortes de luz frecuentes
Andina,Jovenes,Que necesidades prioritarias existen en su comunidad?,No hay empleo local personalmente hablando,no hay empleo local
Caribe,Afrocolombianos,Que necesidades prioritarias existen en su comunidad?,La economia informal domina,la economia informal domina
Orinoquia,Jovenes,Que propuestas ha escuchado dentro de la comunidad?,La economia informal domina,la economia informal domina
Amazonas,Mujeres,Que problemas enfrenta con el acceso a servicios publicos?,Viviendas en mal estado (segun mi experiencia),viviendas en mal estado
Amazonas,Mujeres,Como evalua la atencion en salud mental en su zona?,Falta de acceso al agua potable personalmente hablando,falta de acceso al agua potable
Caribe,Pueblos Indigenas,Que necesidades prioritarias existen en su comunidad?,Faltan medicamentos esenciales,faltan medicamentos esenciales
Amazonas,Afrocolombianos,Que necesidades prioritarias existen en su comunidad?,Hay demoras en las citas (segun mi experiencia),hay demoras en las citas
Caribe,Jovenes,Que necesidades prioritarias existen en su comunidad?,Falta de acceso al agua potable,falta de acceso al agua potable
Amazonas,Afrocolombianos,Que problemas enfrenta con el acceso a servicios publicos?,No hay apoyo a emprendimientos en mi comunidad,no hay apoyo a emprendimientos
Orinoquia,Pueblos Indigenas,Que problemas enfrenta con el acceso a servicios publicos?,La salud mental es ignorada personalmente hablando,la salud mental es ignorada
Amazonas,Personas Mayores,Como evalua la atencion en salud mental en su zona?,Falta de acceso al agua potable,falta de acceso al agua potable
Andina,Personas Mayores,Que necesidades prioritarias existen en su comunidad?,La economia informal domina personalmente hablando,la economia informal domina
Orinoquia,Afrocolombianos,Como evalua la atencion en salud mental en su zona?,Nadie responde a nuestras solicitudes en mi comunidad,nadie responde a nuestras solicitudes
Pacifico,Afrocolombianos,Que propuestas ha escuchado dentro de la comunidad?,Falta de confianza en las instituciones,falta de confianza en las instituciones
Orinoquia,Pueblos Indigenas,Que necesidades prioritarias existen en su comunidad?,No hay participacion comunitaria personalmente hablando,no hay participacion comunitaria
Orinoquia,Personas Mayores,Que propuestas ha escuchado dentro de la comunidad?,No hay empleo local (segun mi experiencia),no hay empleo local
Caribe,Pueblos Indigenas,Que propuestas ha escuchado dentro de la comunidad?,Nos sentimos abandonados (segun mi experiencia),nos sentimos abandonados
Caribe,Jovenes,Como evalua la atencion en salud mental en su zona?,No hay apoyo a emprendimientos en mi comunidad,no hay apoyo a emprendimientos
Caribe,Personas Mayores,Que necesidades prioritarias existen en su comunidad?,No hay recoleccion de basuras personalmente hablando,no hay recoleccion de basuras
Andina,Mujeres,Que propuestas ha escuchado dentro de la comunidad?,No hay participacion comunitaria personalmente hablando,no hay participacion comunitaria
Orinoquia,Pueblos Indigenas,Que propuestas ha escuchado dentro de la comunidad?,Hay demoras en las citas,hay demoras en las citas
Pacifico,Pueblos Indigenas,Que propuestas ha escuchado dentro de la comunidad?,No hay empleo local (segun mi experiencia),no hay empleo local
Amazonas,Pueblos Indigenas,Que necesidades prioritarias existen en su comunidad?,No hay empleo local en mi comunidad,no hay empleo local
Orinoquia,Pueblos Indigenas,Que problemas enfrenta con el acceso a servicios publicos?,Viviendas en mal estado,viviendas en mal estado
Caribe,Personas Mayores,Que propuestas ha escuchado dentro de la comunidad?,Hay demoras en las citas (segun mi experiencia),hay demoras en las citas
Caribe,Pueblos Indigenas,Que necesidades prioritarias existen en su comunidad?,Falta de acceso al agua potable personalmente hablando,falta de acceso al agua potable
Orinoquia,Pueblos Indigenas,Que propuestas ha escuchado dentro de la comunidad?,Viviendas en mal estado personalmente hablando,viviendas en mal estado
Pacifico,Mujeres,Que necesidades prioritarias existen en su comunidad?,No hay participacion comunitaria,no hay participacion comunitaria
Orinoquia,Mujeres,Que necesidades prioritarias existen en su comunidad?,Nos sentimos abandonados en mi comunidad,nos sentimos abandonados
Andina,Jovenes,Que propuestas ha escuchado dentro de la comunidad?,Faltan medicamentos esenciales en mi comunidad,faltan medicamentos esenciales
Pacifico,Afrocolombianos,Que necesidades prioritarias existen en su comunidad?,Falta de confianza en las instituciones,falta de confianza en las instituciones
Orinoquia,Jovenes,Que necesidades prioritarias existen en su comunidad?,Nos sentimos abandonados,nos sentimos abandonados
Pacifico,Mujeres,Como evalua la atencion en salud mental en su zona?,Los jovenes migran por falta de oportunidades,los jovenes migran por falta de oportunidades
Amazonas,Personas Mayores,Que propuestas ha escuchado dentro de la comunidad?,Viviendas en mal estado en mi comunidad,viviendas en mal estado
Caribe,Afrocolombianos,Que propuestas ha escuchado dentro de la comunidad?,La salud mental es ignorada,la salud mental es ignorada
Andina,Afrocolombianos,Como evalua la atencion en salud mental en su zona?,No hay empleo local (segun mi experiencia),no hay empleo local
Caribe,Pueblos Indigenas,Que problemas enfrenta con el acceso a servicios publicos?,No hay atencion medica cerca en mi comunidad,no hay atencion medica cerca
Andina,Afrocolombianos,Que necesidades prioritarias existen en su comunidad?,Falta de acceso al agua potable en mi comunidad,falta de acceso al agua potable
Caribe,Mujeres,Que necesidades prioritarias existen en su comunidad?,No hay participacion comunitaria,no hay participacion comunitaria
Andina,Personas Mayores,Como evalua la atencion en salud mental en su zona?,La salud mental es ignorada (segun mi experiencia),la salud mental es ignorada
Caribe,Personas Mayores,Como evalua la atencion en salud mental en su zona?,Cortes de luz frecuentes,cortes de luz frecuentes
Pacifico,Mujeres,Como evalua la atencion en salud mental en su zona?,No hay atencion medica cerca personalmente hablando,no hay atencion medica cerca
Andina,Jovenes,Que propuestas ha escuchado dentro de la comunidad?,Hay demoras en las citas personalmente hablando,hay demoras en las citas
Andina,Personas Mayores,Que propuestas ha escuchado dentro de la comunidad?,No hay apoyo a emprendimientos (segun mi experiencia),no hay apoyo a emprendimientos
Orinoquia,Afrocolombianos,Que propuestas ha escuchado dentro de la comunidad?,Hay demoras en las citas (segun mi experiencia),hay demoras en las citas
Andina,Mujeres,Que propuestas ha escuchado dentro de la comunidad?,Cortes de luz frecuentes,cortes de luz frecuentes
Pacifico,Afrocolombianos,Que problemas enfrenta con el acceso a servicios publicos?,Los jovenes migran por falta de oportunidades,los jovenes migran por falta de oportunidades
Orinoquia,Jovenes,Como evalua la atencion en salud mental en su zona?,La salud mental es ignorada,la salud mental es ignorada
Amazonas,Personas Mayores,Que problemas enfrenta con el acceso a servicios publicos?,Cortes de luz frecuentes,cortes de luz frecuentes
Andina,Personas Mayores,Que problemas enfrenta con el acceso a servicios publicos?,Hay demoras en las citas (segun mi experiencia),hay demoras en las citas
Caribe,Mujeres,Que problemas enfrenta con el acceso a servicios publicos?,Nos sentimos abandonados (segun mi experiencia),nos sentimos abandonados
Andina,Pueblos Indigenas,Que necesidades prioritarias existen en su comunidad?,No hay participacion comunitaria (segun mi experiencia),no hay participacion comunitaria
Orinoquia,Jovenes,Que propuestas ha escuchado dentro de la comunidad?,Faltan medicamentos esenciales,faltan medicamentos esenciales
